<?xml version="1.0" encoding="UTF-8"?>
  <beans xmlns="http://www.springframework.org/schema/beans"
  xmlns:xsi="http://www.w3.org/2001/XMLSchema-instance" 
  xmlns:p="http://www.springframework.org/schema/p"
   xmlns:aop="http://www.springframework.org/schema/aop"
    xmlns:tx="http://www.springframework.org/schema/tx"
    xmlns:context="http://www.springframework.org/schema/context"
    xsi:schemaLocation="http://www.springframework.org/schema/beans
     http://www.springframework.org/schema/beans/spring-beans-2.5.xsd 
     http://www.springframework.org/schema/aop 
     http://www.springframework.org/schema/aop/spring-aop-2.5.xsd
     http://www.springframework.org/schema/tx 
     http://www.springframework.org/schema/tx/spring-tx-2.5.xsd
     http://www.springframework.org/schema/context
     http://www.springframework.org/schema/context/spring-context-2.5.xsd">
   
   <context:annotation-config/> 
 <context:component-scan base-package="com.RealEstateBuilders1.controllers"/>
 
<!-- for view Resolver -->
  <bean class="org.springframework.web.servlet.view.InternalResourceViewResolver" 
    id="viewResolver"> 
 <property name="prefix" value="/pages/"/> 
 <property name="suffix" value=".jsp"/> 
  </bean>
 
  <!-- database configuration -->
 <bean class="org.apache.commons.dbcp.BasicDataSource" id="dataSource">
 <property value="oracle.jdbc.OracleDriver" name="driverClassName"/>
  <property value="jdbc:oracle:thin:@hstslc015:1521:elp" name="url"/>
   <property value="elp1676" name="username"/> 
   <property value="msat123$" name="password"/>
    </bean>
    
     <bean id="mysessionFactory" 
          class="org.springframework.orm.hibernate3.LocalSessionFactoryBean">
   		<property name="dataSource"><ref bean="dataSource" /></property>	
		<property name="mappingResources">
			<list>
			    <value>com/RealEstateBuilders1/mappings/login.hbm.xml</value>
			    <value>com/RealEstateBuilders1/mappings/customer.hbm.xml</value> 
			    <value>com/RealEstateBuilders1/mappings/Building.hbm.xml</value>
			    <value>com/RealEstateBuilders1/mappings/Retrive.hbm.xml</value>
			</list>
		</property>
		<property name="hibernateProperties">
	 		<props>
		  		<prop key="hibernate.dialect">org.hibernate.dialect.OracleDialect</prop>
            	<prop key="hibernate.show_sql">true</prop>
            	<prop key="hibernate.hbm2ddl.auto">update</prop>
	 		</props>
		</property>
	</bean>
	
	
	<bean class="org.springframework.orm.hibernate3.HibernateTemplate" id="ht"> 
	<property name="sessionFactory" ref="mysessionFactory"/> 
	</bean>
	
	 <!--  Login Controller -->
	<bean class="com.RealEstateBuilders1.dao.LoginDao" id="loginDao">
	<property name="ht" ref="ht"></property>
	</bean>
	
	<bean class="com.RealEstateBuilders1.service.LoginService" id="loginService">
	<property name="loginDao" ref="loginDao"></property>
	</bean>
	
	<bean id="registerService" class="com.RealEstateBuilders1.service.RegisterServiceImplementation">
        <property name="registerDAO" ref="registerDAO"/>
    </bean> 
    
    <bean id="registerDAO" class="com.RealEstateBuilders1.dao.RegisterDAOImplementation">
        <property name="ht" ref="ht"/>
        </bean>
    
    <bean id="buildService" class="com.RealEstateBuilders1.service.BuildingService">
        <property name="empDAO" ref="buildDao"/>
       
        </bean>
        <bean id="buildDao" class="com.RealEstateBuilders1.dao.BuildingDAO">
        <property name="ht" ref="ht"/>
    </bean>
    
    <bean id="deleteService" class="com.RealEstateBuilders1.service.deleteService">
        <property name="cusDAO" ref="deleteDao"/>
       
        </bean>
        <bean id="deleteDao" class="com.RealEstateBuilders1.dao.deleteDAO">
        <property name="ht" ref="ht"/>
    </bean>
    
    <bean id="retrieveService" class="com.RealEstateBuilders1.service.RetriveService">
        <property name="dao" ref="retrieveDao"/>
       
        </bean>
        <bean id="retrieveDao" class="com.RealEstateBuilders1.dao.RetriveDAO">
        <property name="ht" ref="ht"/>
    </bean>
    
  </beans>