<?xml version="1.0" encoding="UTF-8"?>
<!DOCTYPE hibernate-mapping PUBLIC "-//Hibernate/Hibernate Mapping DTD 3.0//EN"
 "http://hibernate.sourceforge.net/hibernate-mapping-3.0.dtd">
<hibernate-mapping>
 <class table="CustomerReg123" name="com.RealEstateBuilders1.beans.RegisterBean">
  <id name="customerId">
     <generator class="increment"></generator>
  
   </id> 
   <property name="customerName"/> 
   <property name="phoneNumber"/> 
   <property name="emailId"/> 
   <property name="designation"/> 
   <property name="customerType"/> 
   </class> 
   </hibernate-mapping>